Cycle start time,Cycle end time,Cycle timezone,Sleep onset,Wake onset,Sleep performance %,Respiratory rate (rpm),Asleep duration (min),In bed duration (min),Light sleep duration (min),Deep (SWS) duration (min),REM duration (min),Awake duration (min),Sleep need (min),Sleep debt (min),Sleep efficiency %,Sleep consistency %,Nap
2021-10-17 23:26:57,,UTC-04:00,2021-10-17 23:26:57,2021-10-18 06:29:59,49,15.9,323,423,200,67,56,100,658,132,76,85,false
2021-10-16 22:13:29,2021-10-17 23:26:57,UTC-04:00,2021-10-16 22:13:29,2021-10-17 06:26:11,57,16.3,391,490,259,87,45,99,684,134,79,76,false
2021-10-15 23:10:05,2021-10-16 22:13:29,UTC-04:00,2021-10-15 23:10:05,2021-10-16 06:29:56,44,15.9,290,439,194,65,31,149,654,117,66,77,false
2021-10-14 23:51:49,2021-10-15 23:10:05,UTC-04:00,2021-10-14 23:51:49,2021-10-15 08:00:14,62,16.5,413,488,225,97,91,75,663,115,84,75,false
2021-10-13 23:00:18,2021-10-14 23:51:49,UTC-04:00,2021-10-13 23:00:18,2021-10-14 06:50:00,52,16.6,355,470,262,82,11,115,679,139,75,87,false
2021-10-13 00:56:19,2021-10-13 23:00:18,UTC-04:00,2021-10-13 00:56:19,2021-10-13 06:39:41,42,16.1,276,343,209,40,27,67,656,112,80,77,false
2021-10-11 23:00:32,2021-10-13 00:56:19,UTC-04:00,2021-10-11 23:00:32,2021-10-12 06:41:01,53,16.5,363,460,231,82,50,97,686,132,78,93,false
2021-10-10 23:20:13,2021-10-11 23:00:32,UTC-04:00,2021-10-10 23:20:13,2021-10-11 06:49:33,57,15.8,379,449,244,62,73,70,671,135,84,89,false
2021-10-09 23:25:24,2021-10-10 23:20:13,UTC-04:00,2021-10-09 23:25:24,2021-10-10 06:49:50,56,16.1,367,444,196,75,96,77,662,110,83,82,false
2021-10-08 22:41:46,2021-10-09 23:25:24,UTC-04:00,2021-10-08 22:41:46,2021-10-09 06:29:52,54,15.9,357,468,173,90,94,111,656,123,76,83,false
2021-10-07 22:53:08,2021-10-08 22:41:46,UTC-04:00,2021-10-07 22:53:08,2021-10-08 07:30:00,60,15.8,392,516,268,74,50,124,651,110,75,77,false
2021-10-06 22:01:22,2021-10-07 22:53:08,UTC-04:00,2021-10-06 22:01:22,2021-10-07 05:56:17,54,16.8,370,475,152,94,124,105,681,129,77,79,false
2021-10-05 22:18:48,2021-10-06 22:01:22,UTC-04:00,2021-10-05 22:18:48,2021-10-06 06:25:00,58,15.6,387,486,243,96,48,99,671,120,79,77,false
2021-10-04 22:35:11,2021-10-05 22:18:48,UTC-04:00,2021-10-04 22:35:11,2021-10-05 07:01:51,61,16.1,408,496,205,84,119,88,666,112,83,72,false
2021-10-03 22:32:09,2021-10-04 22:35:11,UTC-04:00,2021-10-03 22:32:09,2021-10-04 06:29:18,53,15.6,341,476,218,67,56,135,646,127,73,61,false
2021-10-03 02:13:16,2021-10-03 22:32:09,UTC-04:00,2021-10-03 02:13:16,2021-10-03 09:01:21,47,15.8,306,408,188,55,63,102,653,104,75,48,false
2021-10-01 22:43:30,2021-10-03 02:13:16,UTC-04:00,2021-10-01 22:43:30,2021-10-02 07:40:03,66,15.7,456,537,257,88,111,81,687,138,84,81,false
2021-09-30 22:58:59,2021-10-01 22:43:30,UTC-04:00,2021-09-30 22:58:59,2021-10-01 07:05:26,55,16.1,375,486,217,69,89,111,677,129,78,84,false
2021-09-29 23:37:30,2021-09-30 22:58:59,UTC-04:00,2021-09-29 23:37:30,2021-09-30 06:12:14,46,16.2,310,395,204,64,42,85,671,117,78,85,false
2021-09-28 23:09:31,2021-09-29 23:37:30,UTC-04:00,2021-09-28 23:09:31,2021-09-29 06:30:00,51,16.3,337,440,253,72,12,103,658,107,76,85,false
2021-09-27 22:20:52,2021-09-28 23:09:31,UTC-04:00,2021-09-27 22:20:52,2021-09-28 05:59:36,55,16.8,380,458,249,76,55,78,687,132,83,92,false
2021-09-26 22:21:11,2021-09-27 22:20:52,UTC-04:00,2021-09-26 22:21:11,2021-09-27 06:16:14,57,15.8,376,475,179,63,134,99,656,123,79,89,false
2021-09-25 22:26:09,2021-09-26 22:21:11,UTC-04:00,2021-09-25 22:26:09,2021-09-26 06:28:57,60,17.2,399,482,249,46,104,83,666,117,82,85,false
2021-09-24 22:37:25,2021-09-25 22:26:09,UTC-04:00,2021-09-24 22:37:25,2021-09-25 04:59:47,51,16.6,331,382,175,74,82,51,647,110,87,91,false
2021-09-23 23:20:32,2021-09-24 22:37:25,UTC-04:00,2021-09-23 23:20:32,2021-09-24 06:32:37,54,16.1,346,432,172,90,84,86,644,112,80,87,false
2021-09-22 22:37:11,2021-09-23 23:20:32,UTC-04:00,2021-09-22 22:37:11,2021-09-23 06:40:33,53,16.2,359,483,234,59,66,124,679,129,74,84,false
2021-09-21 23:39:47,2021-09-22 22:37:11,UTC-04:00,2021-09-21 23:39:47,2021-09-22 06:44:08,58,16.1,375,422,257,74,44,47,649,114,88,76,false
2021-09-20 22:27:54,2021-09-21 23:39:47,UTC-04:00,2021-09-20 22:27:54,2021-09-21 06:36:25,63,16.4,416,488,207,107,102,72,666,112,86,78,false
2021-09-19 21:21:40,2021-09-20 22:27:54,UTC-04:00,2021-09-19 21:21:40,2021-09-20 05:36:51,53,15.6,348,489,215,65,68,141,657,112,72,67,false
2021-09-18 23:03:51,2021-09-19 21:21:40,UTC-04:00,2021-09-18 23:03:51,2021-09-19 08:00:00,53,15.0,342,536,174,118,50,194,645,115,65,76,false
2021-09-17 23:28:22,2021-09-18 23:03:51,UTC-04:00,2021-09-17 23:28:22,2021-09-18 06:49:59,52,15.8,346,442,187,81,78,96,666,114,78,81,false
2021-09-16 22:11:58,2021-09-17 23:28:22,UTC-04:00,2021-09-16 22:11:58,2021-09-17 06:30:00,63,16.1,410,498,238,98,74,88,656,117,82,96,false
2021-09-15 22:12:17,2021-09-16 22:11:58,UTC-04:00,2021-09-15 22:12:17,2021-09-16 06:31:53,62,16.6,404,497,292,57,55,93,657,108,82,93,false
2021-09-14 22:16:00,2021-09-15 22:12:17,UTC-04:00,2021-09-14 22:16:00,2021-09-15 06:30:00,55,16.3,363,494,240,41,82,131,655,117,74,92,false
2021-09-13 22:30:00,2021-09-14 22:16:00,UTC-04:00,2021-09-13 22:30:00,2021-09-14 06:38:23,51,16.1,337,488,201,61,75,151,662,108,69,92,false
2021-09-12 22:47:22,2021-09-13 22:30:00,UTC-04:00,2021-09-12 22:47:22,2021-09-13 06:46:00,55,15.6,352,478,224,41,87,126,634,111,73,85,false
2021-09-11 22:27:18,2021-09-12 22:47:22,UTC-04:00,2021-09-11 22:27:18,2021-09-12 07:05:41,64,15.9,430,513,247,76,107,83,672,120,84,86,false
2021-09-10 22:28:49,2021-09-11 22:27:18,UTC-04:00,2021-09-10 22:28:49,2021-09-11 05:29:41,50,15.9,329,421,189,86,54,92,654,110,80,91,false
2021-09-09 22:11:42,2021-09-10 22:28:49,UTC-04:00,2021-09-09 22:11:42,2021-09-10 06:30:00,54,16.6,367,498,223,69,75,131,674,132,75,86,false
2021-09-08 22:10:44,2021-09-09 22:11:42,UTC-04:00,2021-09-08 22:10:44,2021-09-09 06:23:00,57,16.6,392,492,225,68,99,100,687,134,81,78,false
2021-09-07 22:54:35,2021-09-08 22:10:44,UTC-04:00,2021-09-07 22:54:35,2021-09-08 06:11:00,44,16.1,290,436,157,69,64,146,656,111,67,85,false
2021-09-06 22:42:52,2021-09-07 22:54:35,UTC-04:00,2021-09-06 22:42:52,2021-09-07 06:43:51,64,16.6,399,474,210,69,120,75,629,120,84,69,false
2021-09-05 23:05:31,2021-09-06 22:42:52,UTC-04:00,2021-09-06 14:51:00,2021-09-06 16:03:00,6,17.1,41,72,41,0,0,31,670,120,84,,true
2021-09-05 23:05:31,2021-09-06 22:42:52,UTC-04:00,2021-09-05 23:05:31,2021-09-06 07:34:25,61,16.2,411,509,232,79,100,98,670,132,80,79,false
2021-09-04 23:25:54,2021-09-05 23:05:31,UTC-04:00,2021-09-04 23:25:54,2021-09-05 06:50:58,57,16.4,376,445,171,93,112,69,659,123,84,78,false
2021-09-03 22:06:56,2021-09-04 23:25:54,UTC-04:00,2021-09-03 22:06:56,2021-09-04 06:50:00,60,16.5,419,523,192,114,113,104,700,146,81,72,false
2021-09-03 00:13:29,2021-09-03 22:06:56,UTC-04:00,2021-09-03 00:13:29,2021-09-03 06:13:11,39,16.1,250,359,133,70,47,109,641,120,69,55,false
2021-09-01 22:28:32,2021-09-03 00:13:29,UTC-04:00,2021-09-01 22:28:32,2021-09-02 08:53:00,61,16.4,409,624,163,130,116,215,671,124,65,66,false
2021-08-31 22:50:31,2021-09-01 22:28:32,UTC-04:00,2021-08-31 22:50:31,2021-09-01 05:59:52,48,16.2,311,429,132,90,89,118,645,108,72,76,false
2021-08-30 21:40:33,2021-08-31 22:50:31,UTC-04:00,2021-08-30 21:40:33,2021-08-31 05:53:57,55,16.1,369,492,188,82,99,123,670,120,74,82,false
2021-08-29 22:42:33,2021-08-30 21:40:33,UTC-04:00,2021-08-29 22:42:33,2021-08-30 06:53:06,61,16.1,389,482,265,70,54,93,638,108,80,88,false
2021-08-28 22:12:54,2021-08-29 22:42:33,UTC-04:00,2021-08-28 22:12:54,2021-08-29 07:48:00,65,16.1,402,575,200,122,80,173,621,89,70,85,false
2021-08-27 22:34:17,2021-08-28 22:12:54,UTC-04:00,2021-08-27 22:34:17,2021-08-28 07:40:00,71,16.5,461,545,208,112,141,84,646,108,85,80,false
2021-08-26 22:07:36,2021-08-27 22:34:17,UTC-04:00,2021-08-26 22:07:36,2021-08-27 06:59:58,65,16.4,416,532,201,111,104,116,638,132,78,75,false
2021-08-25 22:41:38,2021-08-26 22:07:36,UTC-04:00,2021-08-26 15:00:00,2021-08-26 15:21:00,3,16.3,17,21,17,0,0,4,644,132,95,,true
2021-08-25 22:41:38,2021-08-26 22:07:36,UTC-04:00,2021-08-25 22:41:38,2021-08-26 07:00:28,57,16.7,383,492,218,92,73,109,674,148,78,77,false
2021-08-25 00:59:08,2021-08-25 22:41:38,UTC-04:00,2021-08-25 00:59:08,2021-08-25 06:29:53,38,16.7,252,330,175,58,19,78,662,129,77,82,false
2021-08-23 23:02:39,2021-08-25 00:59:08,UTC-04:00,2021-08-23 23:02:39,2021-08-24 06:23:00,46,17.2,315,440,236,54,25,125,678,146,71,86,false
2021-08-23 00:04:10,2021-08-23 23:02:39,UTC-04:00,2021-08-23 00:04:10,2021-08-23 06:24:17,39,16.1,266,380,151,71,44,114,678,144,70,87,false
2021-08-22 00:26:28,2021-08-23 00:04:10,UTC-04:00,2021-08-22 00:26:28,2021-08-22 06:27:58,40,16.6,286,353,205,58,23,67,706,151,80,76,false
2021-08-20 23:19:15,2021-08-22 00:26:28,UTC-04:00,2021-08-20 23:19:15,2021-08-21 06:00:41,37,16.1,259,382,149,63,47,123,701,148,67,79,false
2021-08-19 22:36:26,2021-08-20 23:19:15,UTC-04:00,2021-08-19 22:36:26,2021-08-20 06:54:00,52,16.6,360,497,245,71,44,137,688,144,73,72,false
2021-08-19 00:49:27,2021-08-19 22:36:26,UTC-04:00,2021-08-19 00:49:27,2021-08-19 06:26:00,40,16.3,269,336,195,20,54,67,668,126,80,65,false
2021-08-17 21:22:52,2021-08-19 00:49:27,UTC-04:00,2021-08-17 21:22:52,2021-08-18 06:50:12,59,15.7,403,563,233,66,104,160,690,136,71,63,false
2021-08-17 00:20:55,2021-08-17 21:22:52,UTC-04:00,2021-08-17 00:20:55,2021-08-17 08:15:00,43,16.5,281,474,131,84,66,193,659,135,59,62,false
2021-08-15 22:04:14,2021-08-17 00:20:55,UTC-04:00,2021-08-16 12:11:00,2021-08-16 12:40:00,4,16.8,23,29,18,5,0,6,657,135,101,,true
2021-08-15 22:04:14,2021-08-17 00:20:55,UTC-04:00,2021-08-15 22:04:14,2021-08-16 07:11:00,56,16.1,383,546,194,105,84,163,685,129,71,78,false
2021-08-14 23:03:02,2021-08-15 22:04:14,UTC-04:00,2021-08-14 23:03:02,2021-08-15 07:19:00,58,16.5,379,495,227,94,58,116,651,115,76,83,false
2021-08-13 23:15:21,2021-08-14 23:03:02,UTC-04:00,2021-08-13 23:15:21,2021-08-14 06:50:00,52,16.3,331,454,203,72,56,123,642,129,73,76,false
2021-08-12 22:56:02,2021-08-13 23:15:21,UTC-04:00,2021-08-13 11:27:00,2021-08-13 12:27:00,6,16.5,38,60,21,17,0,22,672,129,87,,true
2021-08-12 22:56:02,2021-08-13 23:15:21,UTC-04:00,2021-08-12 22:56:02,2021-08-13 06:50:00,58,16.5,371,473,215,55,101,102,636,115,78,80,false
2021-08-11 23:32:22,2021-08-12 22:56:02,UTC-04:00,2021-08-12 13:06:00,2021-08-12 13:46:00,4,17.0,25,40,25,0,0,15,641,115,71,,true
2021-08-11 23:32:22,2021-08-12 22:56:02,UTC-04:00,2021-08-11 23:32:22,2021-08-12 07:01:17,52,15.9,354,445,217,64,73,91,680,129,79,80,false
2021-08-10 22:21:21,2021-08-11 23:32:22,UTC-04:00,2021-08-10 22:21:21,2021-08-11 06:29:16,46,15.5,277,479,147,82,48,202,607,120,58,77,false
2021-08-09 23:00:00,2021-08-10 22:21:21,UTC-04:00,2021-08-10 17:30:00,2021-08-10 18:15:00,2,15.6,12,45,12,0,0,33,615,120,85,,true
2021-08-09 23:00:00,2021-08-10 22:21:21,UTC-04:00,2021-08-09 23:00:00,2021-08-10 06:50:00,50,16.2,325,470,201,81,43,145,657,126,72,77,false
2021-08-08 23:21:34,2021-08-09 23:00:00,UTC-04:00,2021-08-09 14:02:00,2021-08-09 14:27:00,3,16.9,20,25,20,0,0,5,669,126,93,,true
2021-08-08 23:21:34,2021-08-09 23:00:00,UTC-04:00,2021-08-08 23:21:34,2021-08-09 07:07:00,59,16.2,396,465,242,79,75,69,670,122,85,74,false
2021-08-07 22:30:00,2021-08-08 23:21:34,UTC-04:00,2021-08-07 22:30:00,2021-08-08 06:02:01,49,16.4,321,452,169,55,97,131,654,134,78,61,false
2021-08-06 23:25:00,2021-08-07 22:30:00,UTC-04:00,2021-08-07 17:32:00,2021-08-07 18:15:00,4,16.0,27,43,18,9,0,16,646,134,102,,true
2021-08-06 23:25:00,2021-08-07 22:30:00,UTC-04:00,2021-08-06 23:25:00,2021-08-07 06:50:00,44,16.5,289,445,134,83,72,156,663,117,70,76,false
2021-08-06 00:18:38,2021-08-06 23:25:00,UTC-04:00,2021-08-06 00:18:38,2021-08-06 08:25:00,62,15.6,385,486,247,49,89,101,622,95,79,68,false
2021-08-04 23:12:58,2021-08-06 00:18:38,UTC-04:00,2021-08-05 15:31:00,2021-08-05 16:19:00,4,17.1,24,48,24,0,0,24,639,95,77,,true
2021-08-04 23:12:58,2021-08-06 00:18:38,UTC-04:00,2021-08-04 23:12:58,2021-08-05 07:29:00,69,16.3,403,496,211,114,78,93,586,138,81,72,false
2021-08-04 00:27:00,2021-08-04 23:12:58,UTC-04:00,2021-08-04 08:08:00,2021-08-04 09:32:00,9,15.9,53,84,53,0,0,31,619,138,63,,true
2021-08-04 00:27:00,2021-08-04 23:12:58,UTC-04:00,2021-08-04 00:27:00,2021-08-04 07:52:45,55,16.9,368,445,193,86,89,77,663,108,82,73,false
2021-08-02 22:22:13,2021-08-04 00:27:00,UTC-04:00,2021-08-02 22:22:13,2021-08-03 07:29:38,65,16.2,429,547,222,115,92,118,658,117,80,67,false
2021-08-01 23:27:25,2021-08-02 22:22:13,UTC-04:00,2021-08-01 23:27:25,2021-08-02 08:37:00,62,16.1,412,549,216,85,111,137,668,124,75,69,false
2021-07-31 23:22:36,2021-08-01 23:27:25,UTC-04:00,2021-07-31 23:22:36,2021-08-01 06:45:00,48,16.3,322,442,171,100,51,120,669,115,75,72,false
2021-07-30 23:56:20,2021-07-31 23:22:36,UTC-04:00,2021-07-30 23:56:20,2021-07-31 06:50:00,52,16.2,309,413,158,78,73,104,598,120,74,63,false
2021-07-30 00:24:12,2021-07-30 23:56:20,UTC-04:00,2021-07-30 15:10:00,2021-07-30 16:37:00,11,16.2,67,87,36,10,21,20,626,120,79,,true
2021-07-30 00:24:12,2021-07-30 23:56:20,UTC-04:00,2021-07-30 00:24:12,2021-07-30 07:37:59,50,16.6,313,427,127,87,99,114,626,136,73,67,false
2021-07-29 01:12:41,2021-07-30 00:24:12,UTC-04:00,2021-07-29 14:07:00,2021-07-29 14:28:00,3,15.1,19,21,19,0,0,2,644,136,98,,true
2021-07-29 01:12:41,2021-07-30 00:24:12,UTC-04:00,2021-07-29 07:40:00,2021-07-29 08:01:00,3,14.3,15,21,15,0,0,6,617,136,76,,true
2021-07-29 01:12:41,2021-07-30 00:24:12,UTC-04:00,2021-07-29 01:12:41,2021-07-29 07:02:49,43,16.1,266,339,131,69,66,73,615,120,78,61,false
2021-07-27 23:45:15,2021-07-29 01:12:41,UTC-04:00,2021-07-28 14:45:00,2021-07-28 15:33:00,7,16.2,41,48,31,4,6,7,623,120,85,,true
2021-07-27 23:45:15,2021-07-29 01:12:41,UTC-04:00,2021-07-27 23:45:15,2021-07-28 06:15:00,50,16.9,311,389,220,62,29,78,627,115,79,76,false
2021-07-26 23:14:18,2021-07-27 23:45:15,UTC-04:00,2021-07-27 17:30:00,2021-07-27 18:05:00,5,16.1,32,35,27,5,0,3,617,115,93,,true
2021-07-26 23:14:18,2021-07-27 23:45:15,UTC-04:00,2021-07-26 23:14:18,2021-07-27 06:33:27,52,16.5,352,437,218,83,51,85,673,135,80,82,false
2021-07-25 22:50:24,2021-07-26 23:14:18,UTC-04:00,2021-07-25 22:50:24,2021-07-26 06:45:00,56,16.6,356,474,234,83,39,118,636,92,76,77,false
2021-07-24 23:10:06,2021-07-25 22:50:24,UTC-04:00,2021-07-24 23:10:06,2021-07-25 08:05:00,70,16.6,445,534,256,91,98,89,641,139,83,73,false
2021-07-23 23:40:26,2021-07-24 23:10:06,UTC-04:00,2021-07-24 16:50:00,2021-07-24 17:30:00,5,17.2,34,40,16,18,0,6,644,139,94,,true
2021-07-23 23:40:26,2021-07-24 23:10:06,UTC-04:00,2021-07-23 23:40:26,2021-07-24 06:49:38,55,16.5,357,425,154,99,104,68,646,110,85,76,false
2021-07-23 00:08:52,2021-07-23 23:40:26,UTC-04:00,2021-07-23 07:39:00,2021-07-23 08:20:00,2,15.8,13,41,13,0,0,28,591,110,79,,true
2021-07-23 00:08:52,2021-07-23 23:40:26,UTC-04:00,2021-07-23 00:08:52,2021-07-23 07:38:23,54,16.0,360,442,132,108,120,82,669,134,84,78,false
2021-07-21 23:45:51,2021-07-23 00:08:52,UTC-04:00,2021-07-22 06:39:00,2021-07-22 07:00:00,3,14.4,16,21,16,0,0,5,616,134,83,,true
2021-07-21 23:45:51,2021-07-23 00:08:52,UTC-04:00,2021-07-21 23:45:51,2021-07-22 06:14:53,44,16.3,292,389,103,71,118,97,659,112,75,85,false
2021-07-20 23:00:26,2021-07-21 23:45:51,UTC-04:00,2021-07-20 23:00:26,2021-07-21 06:29:55,53,16.5,359,449,238,82,39,90,671,127,80,83,false
2021-07-19 23:28:14,2021-07-20 23:00:26,UTC-04:00,2021-07-19 23:28:14,2021-07-20 05:51:36,47,16.1,307,383,181,53,73,76,660,117,82,85,false
2021-07-18 22:50:58,2021-07-19 23:28:14,UTC-04:00,2021-07-18 22:50:58,2021-07-19 06:59:39,62,16.1,394,488,226,58,110,94,638,124,81,79,false
2021-07-17 23:27:28,2021-07-18 22:50:58,UTC-04:00,2021-07-18 12:26:00,2021-07-18 12:46:00,3,16.9,18,20,18,0,0,2,646,124,101,,true
2021-07-17 23:27:28,2021-07-18 22:50:58,UTC-04:00,2021-07-18 06:35:00,2021-07-18 07:01:00,3,16.1,20,26,14,6,0,6,605,124,89,,true
2021-07-17 23:27:28,2021-07-18 22:50:58,UTC-04:00,2021-07-17 23:27:28,2021-07-18 06:07:53,48,16.5,314,398,181,61,72,84,661,120,78,79,false
2021-07-16 23:31:14,2021-07-17 23:27:28,UTC-04:00,2021-07-16 23:31:14,2021-07-17 06:25:45,61,16.6,346,410,163,59,124,64,566,98,84,70,false
2021-07-15 22:56:28,2021-07-16 23:31:14,UTC-04:00,2021-07-16 16:40:00,2021-07-16 17:40:00,9,16.6,51,60,43,8,0,9,567,98,101,,true
2021-07-15 22:56:28,2021-07-16 23:31:14,UTC-04:00,2021-07-16 10:10:00,2021-07-16 10:38:00,3,17.0,17,28,12,5,0,11,582,98,102,,true
2021-07-15 22:56:28,2021-07-16 23:31:14,UTC-04:00,2021-07-15 22:56:28,2021-07-16 07:31:00,59,16.7,390,514,231,66,93,124,665,114,75,87,false
2021-07-14 22:32:41,2021-07-15 22:56:28,UTC-04:00,2021-07-14 22:32:41,2021-07-15 07:00:40,63,17.1,406,502,244,67,95,96,645,100,80,84,false
2021-07-13 23:16:11,2021-07-14 22:32:41,UTC-04:00,2021-07-13 23:16:11,2021-07-14 07:00:16,58,16.5,378,463,243,67,68,85,658,105,81,82,false
2021-07-12 22:54:52,2021-07-13 23:16:11,UTC-04:00,2021-07-12 22:54:52,2021-07-13 06:48:52,56,15.3,362,473,279,46,37,111,645,108,76,72,false
2021-07-12 00:06:06,2021-07-12 22:54:52,UTC-04:00,2021-07-12 00:06:06,2021-07-12 08:22:46,55,16.1,345,496,171,84,90,151,628,103,70,67,false
2021-07-10 23:37:36,2021-07-12 00:06:06,UTC-04:00,2021-07-10 23:37:36,2021-07-11 06:51:16,57,16.6,361,425,236,72,53,64,633,92,86,73,false
2021-07-09 22:09:29,2021-07-10 23:37:36,UTC-04:00,2021-07-09 22:09:29,2021-07-10 06:36:53,70,17.2,402,500,237,69,96,98,572,88,82,,false
2021-07-08 22:53:16,2021-07-09 22:09:29,UTC-04:00,2021-07-09 07:15:00,2021-07-09 09:10:00,12,15.8,67,115,57,5,5,44,570,88,73,,true
2021-07-08 22:53:16,2021-07-09 22:09:29,UTC-04:00,2021-07-08 22:53:16,2021-07-09 06:48:56,63,15.9,370,475,275,70,25,105,583,74,79,,false
2021-07-07 22:50:05,2021-07-08 22:53:16,UTC-04:00,2021-07-08 11:04:00,2021-07-08 11:55:00,5,17.8,27,51,10,11,6,24,603,74,55,,true
2021-07-07 22:50:05,2021-07-08 22:53:16,UTC-04:00,2021-07-07 22:50:05,2021-07-08 06:19:57,69,16.1,360,444,295,15,50,84,521,0,81,,false
